Designator,Val,Package,Mid X,Mid Y,Rotation,Layer
C1,0.1uf,C_0805_2012Metric,111.75,-326.623,180.0,bottom
C11,0.1uf,C_0805_2012Metric,188.94,-289.562656,0.0,bottom
C12,0.1uf,C_0805_2012Metric,188.99,-274.662656,0.0,bottom
C13,0.1uf,C_0805_2012Metric,188.94,-259.962656,0.0,bottom
C14,0.1uf,C_0805_2012Metric,188.94,-308.162656,0.0,bottom
C15,0.1uf,C_0805_2012Metric,188.94,-320.162656,0.0,bottom
C17,0.1uf,C_0805_2012Metric,218.2,-283.925,180.0,bottom
C18,0.1uf,C_0805_2012Metric_Pad1.18x1.45mm_HandSolder,171.8525,-336.562656,180.0,bottom
C19,0.1uf,C_0805_2012Metric_Pad1.18x1.45mm_HandSolder,170.9775,-329.2,180.0,bottom
C2,220uF,CP_Elec_6.3x7.7,135.663,-223.823,90.0,top
C20,0.1uf,C_0805_2012Metric_Pad1.18x1.45mm_HandSolder,159.8275,-323.362656,0.0,bottom
C21,0.1uf,C_0805_2012Metric_Pad1.18x1.45mm_HandSolder,158.7275,-331.025,0.0,bottom
C22,1uF,CP_Elec_4x5.4,184.74,-232.912656,-90.0,top
C23,47uF,CP_Elec_6.3x5.9,210.965,-219.325,-90.0,top
C24,1uF,CP_Elec_4x5.4,184.84,-240.612656,-90.0,top
C25,100pf,C_0805_2012Metric,178.69,-332.662656,180.0,bottom
C26,100pf,C_0805_2012Metric,178.69,-330.562656,180.0,bottom
C27,47uF,CP_Elec_6.3x5.9,201.34,-234.4,-90.0,top
C28,47uF,CP_Elec_6.3x5.9,192.54,-234.4,-90.0,top
C29,47uF,CP_Elec_6.3x5.9,177.54,-307.4,-90.0,top
C3,0.1uf,C_0805_2012Metric,199.35,-243.1,0.0,bottom
C30,0.1uf,C_0805_2012Metric,218.815,-298.675,0.0,bottom
C31,47uF,CP_Elec_6.3x5.9,160.365,-234.375,-90.0,top
C32,47uF,CP_Elec_6.3x5.9,169.34,-234.4,-90.0,top
C33,0.1uf,C_0805_2012Metric,220.265,-260.575,0.0,bottom
C34,220uF,CP_Elec_6.3x7.7,163.14,-307.6,90.0,top
C4,220uF,CP_Elec_6.3x7.7,95.975,-234.722,90.0,top
C5,220uF,CP_Elec_6.3x7.7,95.975,-245.722,90.0,top
C6,220uF,CP_Elec_6.3x7.7,95.975,-256.722,90.0,top
C7,220uF,CP_Elec_6.3x7.7,115.363,-223.823,90.0,top
C8,0.1uf,C_0805_2012Metric,196.19,-336.9,180.0,bottom
C9,220uF,CP_Elec_6.3x7.7,95.975,-223.82,90.0,top
CN1,A500 side car,A500_SIDE_CONNECTOR,240.584,-283.722656,-90.0,top
CN10,1000pf,R_Array_Convex_4x0603,97.51,-316.22,90.0,bottom
CN11,1000pf,R_Array_Convex_4x0603,97.5,-254.62,90.0,bottom
CN12,1000pf,R_Array_Convex_4x0603,97.51,-311.32,90.0,bottom
CN13,1000pf,R_Array_Convex_4x0603,97.5,-261.12,90.0,bottom
CN14,1000pf,R_Array_Convex_4x0603,97.5,-306.42,90.0,bottom
CN15,1000pf,R_Array_Convex_4x0603,97.5,-276.22,90.0,bottom
CN16,1000pf,R_Array_Convex_4x0603,97.5,-295.02,90.0,bottom
CN17,1000pf,R_Array_Convex_4x0603,97.5,-283.72,90.0,bottom
CN2,Zorro 1,Samtec_HLE-150-02-xx-DV-TE_2x50_P2.54mm_Horizontal,145.93,-274.73,-90.0,top
CN3,Zorro 2,Samtec_HLE-150-02-xx-DV-TE_2x50_P2.54mm_Horizontal,125.58,-274.733,-90.0,top
CN4,Zorro 3,Samtec_HLE-150-02-xx-DV-TE_2x50_P2.54mm_Horizontal,105.23,-274.733,-90.0,top
CN7,1000pf,R_Array_Convex_4x0603,97.5,-238.12,90.0,bottom
CN8,1000pf,R_Array_Convex_4x0603,97.5,-243.62,90.0,bottom
CN9,1000pf,R_Array_Convex_4x0603,97.5,-249.22,90.0,bottom
D1,LED,LED_1206_3216Metric_Pad1.42x1.75mm_HandSolder,213.64,-341.75,180.0,top
D2,LED,LED_1206_3216Metric_Pad1.42x1.75mm_HandSolder,205.8275,-341.725,0.0,top
FB1,FerriteBead_Small,D_0805_2012Metric,152.902913,-229.262913,45.0,bottom
J1,Conn_01x03_Pin,PinHeader_1x03_P2.54mm_Vertical,219.7,-238.1,0.0,top
J2,A2000_CPUSLOT_EDGE_LOGICAL,Samtec_HLE-150-02-xx-DV-TE_2x43_P2.54mm_Horizontal,210.85,-283.722656,-90.0,top
J3,HDD 2,PinHeader_1x02_P2.54mm_Vertical,135.995,-336.0,-90.0,top
J4,HDD 1,PinHeader_1x02_P2.54mm_Vertical,115.23,-336.0,-90.0,top
J5,Conn_01x02_Pin,PinHeader_1x02_P2.54mm_Vertical,188.72,-341.75,-90.0,top
J6,ATX-24,Molex_Mini-Fit_Jr_5569-24A2_2x12_P4.20mm_Horizontal,178.79,-219.5,0.0,top
J7,Buster,PinHeader_1x06_P2.54mm_Vertical,176.84,-341.8,-90.0,top
J8,Power to A500,Molex_Mini-Fit_Jr_5569-04A2_2x02_P4.20mm_Horizontal,222.09,-219.5,0.0,top
J9,Conn_01x01_Pin,PinHeader_1x01_P2.54mm_Vertical,219.7,-243.1,0.0,top
Q1,S8050,SOT-23,227.7525,-280.925,90.0,bottom
R1,1k,R_0805_2012Metric,223.1125,-254.2,180.0,bottom
R10,3.3k,R_0805_2012Metric,200.0025,-322.662656,180.0,bottom
R11,10k,R_0805_2012Metric,225.09,-292.935,0.0,bottom
R12,10k,R_0805_2012Metric,225.09,-294.885,0.0,bottom
R13,10k,R_0805_2012Metric,222.8275,-283.925,180.0,bottom
R14,1k,R_0805_2012Metric,157.375,-341.575,180.0,bottom
R15,680,R_0805_2012Metric,213.09,-341.725,180.0,bottom
R16,47,R_0805_2012Metric,154.665,-325.575,0.0,bottom
R17,1k,R_0805_2012Metric,222.8525,-281.875,0.0,bottom
R18,10k,R_0805_2012Metric,139.0525,-286.125,180.0,bottom
R19,10k,R_0805_2012Metric,132.2775,-286.125,0.0,bottom
R2,1k,R_0805_2012Metric,139.74,-225.2,0.0,bottom
R20,10k,R_0805_2012Metric,111.8125,-286.2,0.0,bottom
R21,10k,R_0805_2012Metric,157.375,-337.575,180.0,bottom
R22,10k,R_0805_2012Metric,157.3875,-339.575,180.0,bottom
R23,47,R_0805_2012Metric,173.6025,-332.662656,180.0,bottom
R24,1k,R_0805_2012Metric,220.265,-258.575,180.0,bottom
R25,4.7k,R_0805_2012Metric,216.9925,-304.035,0.0,bottom
R26,4.7k,R_0805_2012Metric,216.9525,-309.075,0.0,bottom
R27,680,R_0805_2012Metric,206.04,-341.725,0.0,bottom
R28,1k,R_0805_2012Metric,218.815,-293.615,0.0,bottom
R29,1k,R_0805_2012Metric,223.1125,-243.1,180.0,bottom
R3,33,R_0805_2012Metric,199.3125,-240.6,0.0,bottom
R38,1k,R_0805_2012Metric,139.063,-235.423,180.0,bottom
R39,1k,R_0805_2012Metric,139.063,-237.923,180.0,bottom
R4,47,R_0805_2012Metric,164.9125,-342.1,0.0,bottom
R40,1k,R_0805_2012Metric,154.6775,-327.575,0.0,bottom
R41,1k,R_0805_2012Metric,218.815,-291.065,180.0,bottom
R5,1k,R_0805_2012Metric,118.663,-225.223,0.0,bottom
R6,1k,R_0805_2012Metric,113.0125,-225.2,180.0,bottom
R7,4.7k,R_0805_2012Metric,203.7,-254.4,180.0,bottom
R9,4.7k,R_0805_2012Metric,188.9775,-306.1,180.0,bottom
RN1,1k,R_Array_Convex_4x0603,189.44,-332.25,90.0,bottom
RN10,1k,R_Array_Convex_4x0603,93.6,-243.62,90.0,bottom
RN11,1k,R_Array_Convex_4x0603,93.5,-249.22,90.0,bottom
RN12,1k,R_Array_Convex_4x0603,93.51,-316.22,90.0,bottom
RN13,1k,R_Array_Convex_4x0603,157.3875,-334.7,270.0,bottom
RN14,1k,R_Array_Convex_4x0603,93.5,-254.62,90.0,bottom
RN15,1k,R_Array_Convex_4x0603,93.51,-311.32,90.0,bottom
RN16,1k,R_Array_Convex_4x0603,93.5,-261.12,90.0,bottom
RN17,1k,R_Array_Convex_4x0603,93.5,-306.42,90.0,bottom
RN18,1k,R_Array_Convex_4x0603,93.5,-276.22,90.0,bottom
RN19,1k,R_Array_Convex_4x0603,93.5,-295.02,90.0,bottom
RN2,1k,R_Array_Convex_4x0603,189.44,-327.55,90.0,bottom
RN20,1k,R_Array_Convex_4x0603,93.5,-283.72,90.0,bottom
RN3,3.3k,R_Array_Convex_4x0603,193.99,-313.5,90.0,bottom
RN4,3.3k,R_Array_Convex_4x0603,194.04,-298.25,90.0,bottom
RN5,3.3k,R_Array_Convex_4x0603,193.99,-318.1,90.0,bottom
RN6,3.3k,R_Array_Convex_4x0603,194.04,-303.3,90.0,bottom
RN7,4.7k,R_Array_Convex_4x0603,111.8,-263.7,270.0,bottom
RN8,1k,R_Array_Convex_4x0603,97.5,-232.1,90.0,bottom
RN9,1k,R_Array_Convex_4x0603,93.6,-238.12,90.0,bottom
SW1,SW_Push,SW_PUSH_1P1T_6x3.5mm_H4.3_APEM_MJTP1243,197.39,-341.75,180.0,top
U1,BLUSTER,TQFP-64_10x10mm_P0.5mm,163.863002,-330.978334,315.0,top
U10,74LS08,SO-14_3.9x8.65mm_P1.27mm,222.615,-294.875,90.0,top
U11,501MLFT,SOIC-8_3.9x4.9mm_P1.27mm,196.94,-242.505,90.0,top
U12,74LS32,SO-14_3.9x8.65mm_P1.27mm,115.238,-322.813,90.0,top
U13,MC79M05,TO-252-2,177.26,-238.2,90.0,top
U2,74ALS245,SO-20_5.3x12.6mm_P1.27mm,195.8775,-331.222656,180.0,top
U3,74LS245,SO-20_5.3x12.6mm_P1.27mm,195.8775,-315.797656,180.0,top
U4,74LS245,SO-20_5.3x12.6mm_P1.27mm,195.8775,-300.547656,180.0,top
U5,74LS245,SO-20_5.3x12.6mm_P1.27mm,195.8775,-285.547656,180.0,top
U6,74LS245,SO-20_5.3x12.6mm_P1.27mm,195.9025,-270.547656,180.0,top
U7,74ALS245,SO-20_5.3x12.6mm_P1.27mm,195.9775,-255.622656,180.0,top
U8,74LS32,SO-14_3.9x8.65mm_P1.27mm,222.74,-256.74,90.0,top
U9,MAX16054AZT_T,SOT95P275X110-6N,222.815,-283.025,180.0,top
