Comment,Designator,Footprint,LCSC,Quantity
501MLFT,U11,SOIC-8_3.9x4.9mm_P1.27mm,C2651221,1
74ALS245,"U2,U7",SO-20_5.3x12.6mm_P1.27mm,C2675885,2
74LS08,U10,SO-14_3.9x8.65mm_P1.27mm,C6802,1
74LS245,"U3,U4,U5,U6",SO-20_5.3x12.6mm_P1.27mm,C7753,4
74LS32,"U12,U8",SO-14_3.9x8.65mm_P1.27mm,C116812,2
BLUSTER,U1,TQFP-64_10x10mm_P0.5mm,C90569,1
MAX16054AZT_T,U9,SOT95P275X110-6N,C79401,1
MC79M05,U13,TO-252-2,C126401,1
LED,D2,LED_1206_3216Metric_Pad1.42x1.75mm_HandSolder,C14641,1
LED,D1,LED_1206_3216Metric_Pad1.42x1.75mm_HandSolder,C49018,1
Zorro 1,CN2,Samtec_HLE-150-02-xx-DV-TE_2x50_P2.54mm_Horizontal,,1
Zorro 2,CN3,Samtec_HLE-150-02-xx-DV-TE_2x50_P2.54mm_Horizontal,,1
Zorro 3,CN4,Samtec_HLE-150-02-xx-DV-TE_2x50_P2.54mm_Horizontal,,1
Zorro 4,CN5,Samtec_HLE-150-02-xx-DV-TE_2x50_P2.54mm_Horizontal,,1
Zorro 5,CN6,Samtec_HLE-150-02-xx-DV-TE_2x50_P2.54mm_Horizontal,,1
A2000_CPUSLOT_EDGE_LOGICAL,J2,Samtec_HLE-150-02-xx-DV-TE_2x43_P2.54mm_Horizontal,,1
A500 side car,CN1,Samtec_HLE-150-02-xx-DV-TE_2x43_P2.54mm_Horizontal,,1
Power to A500,J8,Molex_Mini-Fit_Jr_5569-04A2_2x02_P4.20mm_Horizontal,,1
ATX-24,J6,Molex_Mini-Fit_Jr_5569-24A2_2x12_P4.20mm_Horizontal,,1
SW_Push,SW1,SW_PUSH_1P1T_6x3.5mm_H4.3_APEM_MJTP1243,,1
1uF,"C22,C24",CP_Elec_4x5.4,C178506,2
220uF,"C10,C16,C2,C34,C4,C5,C6,C7,C9",CP_Elec_6.3x7.7,C278407,9
47uF,"C23,C27,C28,C29,C31,C32",CP_Elec_6.3x5.9,C336249,6
